{"playerPosition":[-0.003978516440838575,-4.236073970794678,0.0],"timesThePlayerSaved":3,"timesThePlayerLoaded":4,"nameToBeSaved":"Ellen"}