{"playerPosition":[-2.24399995803833,-4.2360711097717289,0.0],"timesThePlayerSaved":1,"timesThePlayerLoaded":0,"nameToBeSaved":"Ellen"}